gbifID	datasetKey	occurrenceID	kingdom	phylum	class	order	family	genus	species	infraspecificEpithet	taxonRank	scientificName	verbatimScientificName	verbatimScientificNameAuthorship	countryCode	locality	stateProvince	occurrenceStatus	individualCount	publishingOrgKey	decimalLatitude	decimalLongitude	coordinateUncertaintyInMeters	coordinatePrecision	elevation	elevationAccuracy	depth	depthAccuracy	eventDate	day	month	year	taxonKey	speciesKey	basisOfRecord	institutionCode	collectionCode	catalogNumber	recordNumber	identifiedBy	dateIdentified	license	rightsHolder	recordedBy	typeStatus	establishmentMeans	lastInterpreted	mediaType	issue
2988494639	50c9509d-22c7-4a22-a47d-8c48425ef4a7	https://www.inaturalist.org/observations/55655383	Animalia	Mollusca	Bivalvia	Mytilida	Mytilidae	Limnoperna	Limnoperna fortunei		SPECIES	Limnoperna fortunei (Dunker, 1857)	Limnoperna fortunei		AR		Santa Fe	PRESENT		28eb1a3f-1c15-4a95-931a-4af90ecb574d	-31.664501	-60.756241							2020-08-06T10:27:00	6	8	2020	5855350	5855350	HUMAN_OBSERVATION	iNaturalist	Observations	55655383		Leonardo Adrián LEIVA	2020-08-07T00:22:10	CC_BY_NC_4_0	Leonardo Adrián LEIVA	Leonardo Adrián LEIVA			2020-12-10T18:26:40.722Z	StillImage	COORDINATE_ROUNDED;GEODETIC_DATUM_ASSUMED_WGS84;INSTITUTION_MATCH_NONE;COLLECTION_MATCH_NONE
2984453018	50c9509d-22c7-4a22-a47d-8c48425ef4a7	https://www.inaturalist.org/observations/64738914	Animalia	Mollusca	Bivalvia	Mytilida	Mytilidae	Limnoperna	Limnoperna fortunei		SPECIES	Limnoperna fortunei (Dunker, 1857)	Limnoperna fortunei		BR			PRESENT		28eb1a3f-1c15-4a95-931a-4af90ecb574d	-27.309596	-52.102021	61.0						2020-06-27T11:29:00	27	6	2020	5855350	5855350	HUMAN_OBSERVATION	iNaturalist	Observations	64738914		Frederico Acaz Sonntag	2020-11-12T17:48:31	CC_BY_NC_4_0	Frederico Acaz Sonntag	Frederico Acaz Sonntag			2020-12-10T18:28:10.764Z	StillImage	COORDINATE_ROUNDED;GEODETIC_DATUM_ASSUMED_WGS84;INSTITUTION_MATCH_NONE;COLLECTION_MATCH_NONE
2984354738	50c9509d-22c7-4a22-a47d-8c48425ef4a7	https://www.inaturalist.org/observations/64499479	Animalia	Mollusca	Bivalvia	Mytilida	Mytilidae	Limnoperna	Limnoperna fortunei		SPECIES	Limnoperna fortunei (Dunker, 1857)	Limnoperna fortunei		AR		Buenos Aires	PRESENT		28eb1a3f-1c15-4a95-931a-4af90ecb574d	-34.860164	-57.876459	1524.0						2020-11-08T15:53:00	8	11	2020	5855350	5855350	HUMAN_OBSERVATION	iNaturalist	Observations	64499479		Juan Matías	2020-11-09T04:24:27	CC_BY_NC_4_0	Juan Matías	Juan Matías			2020-12-10T18:28:26.864Z	StillImage	COORDINATE_ROUNDED;GEODETIC_DATUM_ASSUMED_WGS84;INSTITUTION_MATCH_NONE;COLLECTION_MATCH_NONE
2898273170	50c9509d-22c7-4a22-a47d-8c48425ef4a7	https://www.inaturalist.org/observations/62549860	Animalia	Mollusca	Bivalvia	Mytilida	Mytilidae	Limnoperna	Limnoperna fortunei		SPECIES	Limnoperna fortunei (Dunker, 1857)	Limnoperna fortunei		BR		São Paulo	PRESENT		28eb1a3f-1c15-4a95-931a-4af90ecb574d	-20.829037	-50.546071	417.0						2020-10-11T16:27:00	11	10	2020	5855350	5855350	HUMAN_OBSERVATION	iNaturalist	Observations	62549860		Rafael Rosa	2020-10-14T11:55:16	CC_BY_NC_4_0	Márcia Cristina Martins da Silva	Márcia Cristina Martins da Silva			2020-12-10T18:27:52.539Z		GEODETIC_DATUM_ASSUMED_WGS84;INSTITUTION_MATCH_NONE;COLLECTION_MATCH_NONE
2884531309	51c49096-dc31-4077-b35c-4510a8ee1ee8	3fae5b43-131d-11eb-a93b-06f21c000156	Animalia	Mollusca	Bivalvia	Mytilida	Mytilidae	Limnoperna	Limnoperna fortunei		SPECIES	Limnoperna fortunei (Dunker, 1857)			CN	Poyang Lake [Poyang Hu], [point estimated 4.72 air miles SE center Kangshan].	Jiangxi	PRESENT	22	69e7f900-ed5b-11dd-ac7e-b8a03c50a862	28.84	116.491997	805.0						2008-01-01T00:00:00			2008	5855350	5855350	PRESERVED_SPECIMEN	NCSM	NCSM-UNIO	113643		Arthur E Bogan/6May2019		CC0_1_0	Noth Carolina Museum of Natural Sciences				2020-11-26T18:29:08.796Z		COORDINATE_ROUNDED;OCCURRENCE_STATUS_INFERRED_FROM_INDIVIDUAL_COUNT;INSTITUTION_MATCH_FUZZY;COLLECTION_MATCH_FUZZY
2874007685	50c9509d-22c7-4a22-a47d-8c48425ef4a7	https://www.inaturalist.org/observations/61255593	Animalia	Mollusca	Bivalvia	Mytilida	Mytilidae	Limnoperna	Limnoperna fortunei		SPECIES	Limnoperna fortunei (Dunker, 1857)	Limnoperna fortunei		AR		Santa Fe	PRESENT		28eb1a3f-1c15-4a95-931a-4af90ecb574d	-31.659614	-60.756937	4.0						2020-09-28T15:50:00	28	9	2020	5855350	5855350	HUMAN_OBSERVATION	iNaturalist	Observations	61255593		Eduardo Luis Beltrocco	2020-09-29T22:49:17	CC_BY_NC_4_0	Eduardo Luis Beltrocco	Eduardo Luis Beltrocco			2020-12-10T18:39:18.506Z	StillImage	COORDINATE_ROUNDED;GEODETIC_DATUM_ASSUMED_WGS84;INSTITUTION_MATCH_NONE;COLLECTION_MATCH_NONE
2860058214	50c9509d-22c7-4a22-a47d-8c48425ef4a7	https://www.inaturalist.org/observations/58284331	Animalia	Mollusca	Bivalvia	Mytilida	Mytilidae	Limnoperna	Limnoperna fortunei		SPECIES	Limnoperna fortunei (Dunker, 1857)	Limnoperna fortunei		AR		Santa Fe	PRESENT		28eb1a3f-1c15-4a95-931a-4af90ecb574d	-31.666302	-60.754477							2020-08-06T08:50:00	6	8	2020	5855350	5855350	HUMAN_OBSERVATION	iNaturalist	Observations	58284331		Eduardo Luis Beltrocco	2020-09-01T22:13:42	CC_BY_NC_4_0	Eduardo Luis Beltrocco	Eduardo Luis Beltrocco			2020-12-10T18:26:22.307Z	StillImage	COORDINATE_ROUNDED;GEODETIC_DATUM_ASSUMED_WGS84;INSTITUTION_MATCH_NONE;COLLECTION_MATCH_NONE
2823208492	50c9509d-22c7-4a22-a47d-8c48425ef4a7	https://www.inaturalist.org/observations/53969046	Animalia	Mollusca	Bivalvia	Mytilida	Mytilidae	Limnoperna	Limnoperna fortunei		SPECIES	Limnoperna fortunei (Dunker, 1857)	Limnoperna fortunei		AR		Buenos Aires	PRESENT		28eb1a3f-1c15-4a95-931a-4af90ecb574d	-33.597518	-59.808151	44.0						2009-01-10T11:29:00	10	1	2009	5855350	5855350	HUMAN_OBSERVATION	iNaturalist	Observations	53969046		Nicolas Olejnik	2020-07-22T17:26:09	CC_BY_NC_4_0	Nicolas Olejnik	Nicolas Olejnik			2020-12-10T18:38:59.519Z	StillImage	COORDINATE_ROUNDED;GEODETIC_DATUM_ASSUMED_WGS84;INSTITUTION_MATCH_NONE;COLLECTION_MATCH_NONE
2620176844	50c9509d-22c7-4a22-a47d-8c48425ef4a7	https://www.inaturalist.org/observations/44807946	Animalia	Mollusca	Bivalvia	Mytilida	Mytilidae	Limnoperna	Limnoperna fortunei		SPECIES	Limnoperna fortunei (Dunker, 1857)	Limnoperna fortunei		AR		Santa Fe	PRESENT		28eb1a3f-1c15-4a95-931a-4af90ecb574d	-32.910353	-60.674343	2.0						2020-04-20T08:17:00	20	4	2020	5855350	5855350	HUMAN_OBSERVATION	iNaturalist	Observations	44807946		demianlescano	2020-05-03T22:36:26	CC_BY_NC_4_0	demianlescano	demianlescano			2020-12-10T18:25:10.397Z	StillImage	COORDINATE_ROUNDED;GEODETIC_DATUM_ASSUMED_WGS84;INSTITUTION_MATCH_NONE;COLLECTION_MATCH_NONE
2619926407	50c9509d-22c7-4a22-a47d-8c48425ef4a7	https://www.inaturalist.org/observations/38905060	Animalia	Mollusca	Bivalvia	Mytilida	Mytilidae	Limnoperna	Limnoperna fortunei		SPECIES	Limnoperna fortunei (Dunker, 1857)	Limnoperna fortunei		AR		Córdoba	PRESENT		28eb1a3f-1c15-4a95-931a-4af90ecb574d	-32.210337	-64.471828	488.0						2018-03-16T17:35:00	16	3	2018	5855350	5855350	HUMAN_OBSERVATION	iNaturalist	Observations	38905060		Cristian Lagger	2020-02-20T16:43:26	CC_BY_NC_4_0	Cristian Lagger	Cristian Lagger			2020-12-10T18:25:10.156Z	StillImage	COORDINATE_ROUNDED;GEODETIC_DATUM_ASSUMED_WGS84;INSTITUTION_MATCH_NONE;COLLECTION_MATCH_NONE
2596450259	50c9509d-22c7-4a22-a47d-8c48425ef4a7	https://www.inaturalist.org/observations/40782802	Animalia	Mollusca	Bivalvia	Mytilida	Mytilidae	Limnoperna	Limnoperna fortunei		SPECIES	Limnoperna fortunei (Dunker, 1857)	Limnoperna fortunei		BR		Rio Grande do Sul	PRESENT		28eb1a3f-1c15-4a95-931a-4af90ecb574d	-28.50712	-50.941176	4717.0						2019-12-26T09:43:00	26	12	2019	5855350	5855350	HUMAN_OBSERVATION	iNaturalist	Observations	40782802		Fernando Sessegolo		CC_BY_NC_4_0	Miguel Angelo Biz	Miguel Angelo Biz			2020-12-10T18:40:35.614Z	StillImage	COORDINATE_ROUNDED;GEODETIC_DATUM_ASSUMED_WGS84;INSTITUTION_MATCH_NONE;COLLECTION_MATCH_NONE
2596246130	50c9509d-22c7-4a22-a47d-8c48425ef4a7	https://www.inaturalist.org/observations/39676218	Animalia	Mollusca	Bivalvia	Mytilida	Mytilidae	Limnoperna	Limnoperna fortunei		SPECIES	Limnoperna fortunei (Dunker, 1857)	Limnoperna fortunei		UY		Flores	PRESENT		28eb1a3f-1c15-4a95-931a-4af90ecb574d	-33.133683	-57.164555	5.0						2020-03-07T11:49:20	7	3	2020	5855350	5855350	HUMAN_OBSERVATION	iNaturalist	Observations	39676218		Santiago	2020-03-08T00:21:47	CC_BY_NC_4_0	Santiago	Santiago			2020-12-10T18:39:51.814Z	StillImage	COORDINATE_ROUNDED;GEODETIC_DATUM_ASSUMED_WGS84;INSTITUTION_MATCH_NONE;COLLECTION_MATCH_NONE
2596089046	50c9509d-22c7-4a22-a47d-8c48425ef4a7	https://www.inaturalist.org/observations/39656457	Animalia	Mollusca	Bivalvia	Mytilida	Mytilidae	Limnoperna	Limnoperna fortunei		SPECIES	Limnoperna fortunei (Dunker, 1857)	Limnoperna fortunei		BR		Rio Grande do Sul	PRESENT		28eb1a3f-1c15-4a95-931a-4af90ecb574d	-29.037582	-53.161151	422.0						2020-03-07T08:25:00	7	3	2020	5855350	5855350	HUMAN_OBSERVATION	iNaturalist	Observations	39656457		Daniel Cavallari	2020-03-07T17:50:04	CC_BY_NC_4_0	Fernando Sessegolo	Fernando Sessegolo			2020-12-10T18:25:03.577Z	StillImage	COORDINATE_ROUNDED;GEODETIC_DATUM_ASSUMED_WGS84;INSTITUTION_MATCH_NONE;COLLECTION_MATCH_NONE
2580220339	50c9509d-22c7-4a22-a47d-8c48425ef4a7	https://www.inaturalist.org/observations/39924258	Animalia	Mollusca	Bivalvia	Mytilida	Mytilidae	Limnoperna	Limnoperna fortunei		SPECIES	Limnoperna fortunei (Dunker, 1857)	Limnoperna fortunei		KH		Siemréab	PRESENT		28eb1a3f-1c15-4a95-931a-4af90ecb574d	13.196856	103.973514	177.0						2017-02-24T13:08:00	24	2	2017	5855350	5855350	HUMAN_OBSERVATION	iNaturalist	Observations	39924258		Susan J. Hewitt	2020-03-14T03:32:28	CC_BY_4_0	Oleg Kosterin	Oleg Kosterin			2020-12-10T18:38:24.497Z	StillImage	COORDINATE_ROUNDED;GEODETIC_DATUM_ASSUMED_WGS84;INSTITUTION_MATCH_NONE;COLLECTION_MATCH_NONE
2573841498	50c9509d-22c7-4a22-a47d-8c48425ef4a7	https://www.inaturalist.org/observations/38463269	Animalia	Mollusca	Bivalvia	Mytilida	Mytilidae	Limnoperna	Limnoperna fortunei		SPECIES	Limnoperna fortunei (Dunker, 1857)	Limnoperna fortunei		BR		Rio Grande do Sul	PRESENT		28eb1a3f-1c15-4a95-931a-4af90ecb574d	-27.904362	-51.060536	1052.0						2020-02-08T06:53:08	8	2	2020	5855350	5855350	HUMAN_OBSERVATION	iNaturalist	Observations	38463269		Edson Gasperin	2020-02-09T13:22:33	CC_BY_NC_4_0	Edson Gasperin	Edson Gasperin			2020-12-10T18:38:04.754Z	StillImage	COORDINATE_ROUNDED;GEODETIC_DATUM_ASSUMED_WGS84;INSTITUTION_MATCH_NONE;COLLECTION_MATCH_NONE
2563578097	50c9509d-22c7-4a22-a47d-8c48425ef4a7	https://www.inaturalist.org/observations/37919796	Animalia	Mollusca	Bivalvia	Mytilida	Mytilidae	Limnoperna	Limnoperna fortunei		SPECIES	Limnoperna fortunei (Dunker, 1857)	Limnoperna fortunei		AR		Ciudad de Buenos Aires	PRESENT		28eb1a3f-1c15-4a95-931a-4af90ecb574d	-34.607176	-58.345267	28.0						2020-01-13T12:57:00	13	1	2020	5855350	5855350	HUMAN_OBSERVATION	iNaturalist	Observations	37919796		Lorena Zapata	2020-01-24T17:16:28	CC_BY_NC_4_0	Lorena Zapata	Lorena Zapata			2020-12-10T18:24:56.794Z	StillImage	COORDINATE_ROUNDED;GEODETIC_DATUM_ASSUMED_WGS84;INSTITUTION_MATCH_NONE;COLLECTION_MATCH_NONE
2557791524	50c9509d-22c7-4a22-a47d-8c48425ef4a7	https://www.inaturalist.org/observations/37575492	Animalia	Mollusca	Bivalvia	Mytilida	Mytilidae	Limnoperna	Limnoperna fortunei		SPECIES	Limnoperna fortunei (Dunker, 1857)	Limnoperna fortunei		AR		Córdoba	PRESENT		28eb1a3f-1c15-4a95-931a-4af90ecb574d	-31.3287	-64.462531	122.0						2019-11-15T17:34:00	15	11	2019	5855350	5855350	HUMAN_OBSERVATION	iNaturalist	Observations	37575492		Adrian Braidotti	2020-01-14T02:47:33	CC_BY_NC_4_0	Adrian Braidotti	Adrian Braidotti			2020-12-10T18:39:49.191Z	StillImage	COORDINATE_ROUNDED;GEODETIC_DATUM_ASSUMED_WGS84;INSTITUTION_MATCH_NONE;COLLECTION_MATCH_NONE
2549463929	47b61433-ac6e-4a4f-b81d-bfa798717be5	CENPAT:Invertebrados-CNP-INV:1329	Animalia	Mollusca	Bivalvia	Mytilida	Mytilidae	Limnoperna	Limnoperna fortunei		SPECIES	Limnoperna fortunei (Dunker, 1857)	Limnoperna fortunei Dunker, 1857ÿ		AR	La Plata	Buenos Aires	PRESENT		b62390e0-0e35-11d9-8431-b8a03c50a862	-34.850443	-57.85464	5008.0						2015-10-01T00:00:00	1	10	2015	5855350	5855350	PRESERVED_SPECIMEN	IBIOMAR	CNP-Inv	1.329		Evangelina Schwindt		CC0_1_0					2020-11-26T20:05:02.796Z		GEODETIC_DATUM_INVALID;GEODETIC_DATUM_ASSUMED_WGS84;RECORDED_DATE_INVALID;INSTITUTION_MATCH_NONE;COLLECTION_MATCH_NONE
2549463609	47b61433-ac6e-4a4f-b81d-bfa798717be5	CENPAT:Invertebrados-CNP-INV:1330	Animalia	Mollusca	Bivalvia	Mytilida	Mytilidae	Limnoperna	Limnoperna fortunei		SPECIES	Limnoperna fortunei (Dunker, 1857)	Limnoperna fortunei Dunker, 1857ÿ		AR	R¡o Guazucito	Entre R¡os	PRESENT		b62390e0-0e35-11d9-8431-b8a03c50a862	-34.082771	-58.457108	2008.0						2017-08-28T00:00:00	28	8	2017	5855350	5855350	PRESERVED_SPECIMEN	IBIOMAR	CNP-Inv	1.330		Evangelina Schwindt		CC0_1_0		Mariana Abelando			2020-11-26T20:05:02.796Z		GEODETIC_DATUM_INVALID;GEODETIC_DATUM_ASSUMED_WGS84;INSTITUTION_MATCH_NONE;COLLECTION_MATCH_NONE
2462202845	51c49096-dc31-4077-b35c-4510a8ee1ee8	8671d0e8-1604-11ea-9c8d-0643d00092e3	Animalia	Mollusca	Bivalvia	Mytilida	Mytilidae	Limnoperna	Limnoperna fortunei		SPECIES	Limnoperna fortunei (Dunker, 1857)			VN	Market in Gia Nghĩa, [point estimated 2.54 air miles ENE center Nghĩa Phú], Dak Lak [district].		PRESENT	1	69e7f900-ed5b-11dd-ac7e-b8a03c50a862	12.0036	107.688004	4023.0						2014-03-26T00:00:00	26	3	2014	5855350	5855350	PRESERVED_SPECIMEN	NCSM	NCSM-UNIO	85775		Arthur E Bogan/07May2014		CC0_1_0	Noth Carolina Museum of Natural Sciences				2020-11-26T18:29:09.513Z		COORDINATE_ROUNDED;OCCURRENCE_STATUS_INFERRED_FROM_INDIVIDUAL_COUNT;INSTITUTION_MATCH_FUZZY;COLLECTION_MATCH_FUZZY
2462202673	51c49096-dc31-4077-b35c-4510a8ee1ee8	8671d1e9-1604-11ea-9c8d-0643d00092e3	Animalia	Mollusca	Bivalvia	Mytilida	Mytilidae	Limnoperna	Limnoperna fortunei		SPECIES	Limnoperna fortunei (Dunker, 1857)			VN	Markets at bridge across lake, [3.25 air miles] [W]NW [center] Đức Phương on Highway 750, Bình Minh commune, Bù Đăng district.		PRESENT	1	69e7f900-ed5b-11dd-ac7e-b8a03c50a862	11.8233	107.191002							2014-03-26T00:00:00	26	3	2014	5855350	5855350	PRESERVED_SPECIMEN	NCSM	NCSM-UNIO	85780		Arthur E Bogan/07May2014		CC0_1_0	Noth Carolina Museum of Natural Sciences				2020-11-26T18:29:09.197Z		COORDINATE_ROUNDED;OCCURRENCE_STATUS_INFERRED_FROM_INDIVIDUAL_COUNT;INSTITUTION_MATCH_FUZZY;COLLECTION_MATCH_FUZZY
2462202461	51c49096-dc31-4077-b35c-4510a8ee1ee8	8671d854-1604-11ea-9c8d-0643d00092e3	Animalia	Mollusca	Bivalvia	Mytilida	Mytilidae	Limnoperna	Limnoperna fortunei		SPECIES	Limnoperna fortunei (Dunker, 1857)			VN	Loc Ninh market, [point estimated 3.8 air miles SSW  center Lộc Thuận], Binh Phuoc.		PRESENT	1	69e7f900-ed5b-11dd-ac7e-b8a03c50a862	11.8038	106.582001							2014-03-27T00:00:00	27	3	2014	5855350	5855350	PRESERVED_SPECIMEN	NCSM	NCSM-UNIO	85819		Arthur E Bogan/08May2014		CC0_1_0	Noth Carolina Museum of Natural Sciences				2020-11-26T18:29:09.995Z		COORDINATE_ROUNDED;OCCURRENCE_STATUS_INFERRED_FROM_INDIVIDUAL_COUNT;INSTITUTION_MATCH_FUZZY;COLLECTION_MATCH_FUZZY
2462202092	51c49096-dc31-4077-b35c-4510a8ee1ee8	8671cb0d-1604-11ea-9c8d-0643d00092e3	Animalia	Mollusca	Bivalvia	Mytilida	Mytilidae	Limnoperna	Limnoperna fortunei		SPECIES	Limnoperna fortunei (Dunker, 1857)			VN	Yên Lạc market, [point estimated 1.24 air km SW center Hàng Trạm], [Yên Thủy district].		PRESENT	1	69e7f900-ed5b-11dd-ac7e-b8a03c50a862	20.385599	105.612999	4023.0						2014-03-21T00:00:00	21	3	2014	5855350	5855350	PRESERVED_SPECIMEN	NCSM	NCSM-UNIO	85746		Arthur E Bogan/06May2014		CC0_1_0	Noth Carolina Museum of Natural Sciences				2020-11-26T18:29:09.359Z		COORDINATE_ROUNDED;OCCURRENCE_STATUS_INFERRED_FROM_INDIVIDUAL_COUNT;INSTITUTION_MATCH_FUZZY;COLLECTION_MATCH_FUZZY
2462201963	51c49096-dc31-4077-b35c-4510a8ee1ee8	8671c8fd-1604-11ea-9c8d-0643d00092e3	Animalia	Mollusca	Bivalvia	Mytilida	Mytilidae	Limnoperna	Limnoperna fortunei		SPECIES	Limnoperna fortunei (Dunker, 1857)			VN	Bihn Long commune outside Cái Dầu, shell processing village, [point estimated 0.8 air miles E center Cái Dầu], [Châu Phú District].		PRESENT	2	69e7f900-ed5b-11dd-ac7e-b8a03c50a862	10.5678	105.254997	402.0						2014-04-04T00:00:00	4	4	2014	5855350	5855350	PRESERVED_SPECIMEN	NCSM	NCSM-UNIO	85736		Arthur E Bogan/2019		CC0_1_0	Noth Carolina Museum of Natural Sciences				2020-11-26T18:29:09.725Z		COORDINATE_ROUNDED;OCCURRENCE_STATUS_INFERRED_FROM_INDIVIDUAL_COUNT;INSTITUTION_MATCH_FUZZY;COLLECTION_MATCH_FUZZY
2462201860	51c49096-dc31-4077-b35c-4510a8ee1ee8	8671da58-1604-11ea-9c8d-0643d00092e3	Animalia	Mollusca	Bivalvia	Mytilida	Mytilidae	Limnoperna	Limnoperna fortunei		SPECIES	Limnoperna fortunei (Dunker, 1857)			VN	Sông La Ngà, River outside Vo Su, [point estimated 2.1 air miles E center Võ Xu], Tanh Linh [district].		PRESENT	5	69e7f900-ed5b-11dd-ac7e-b8a03c50a862	11.1868	107.589996	4828.0						2014-03-30T00:00:00	30	3	2014	5855350	5855350	PRESERVED_SPECIMEN	NCSM	NCSM-UNIO	85830		Arthur E Bogan/08May2014		CC0_1_0	Noth Carolina Museum of Natural Sciences				2020-11-26T18:29:09.643Z		COORDINATE_ROUNDED;OCCURRENCE_STATUS_INFERRED_FROM_INDIVIDUAL_COUNT;INSTITUTION_MATCH_FUZZY;COLLECTION_MATCH_FUZZY
2462201285	51c49096-dc31-4077-b35c-4510a8ee1ee8	8671cc12-1604-11ea-9c8d-0643d00092e3	Animalia	Mollusca	Bivalvia	Mytilida	Mytilidae	Limnoperna	Limnoperna fortunei		SPECIES	Limnoperna fortunei (Dunker, 1857)			VN	Market along road Thach Quang [Xã Thạch Quảng] commune, [1.16 air km S center Quảng Cong], Thạch Thành district.		PRESENT	3	69e7f900-ed5b-11dd-ac7e-b8a03c50a862	20.2658	105.518997							2014-03-21T00:00:00	21	3	2014	5855350	5855350	PRESERVED_SPECIMEN	NCSM	NCSM-UNIO	85751		Arthur E Bogan/06May2014		CC0_1_0	Noth Carolina Museum of Natural Sciences				2020-11-26T18:29:09.024Z		COORDINATE_ROUNDED;OCCURRENCE_STATUS_INFERRED_FROM_INDIVIDUAL_COUNT;INSTITUTION_MATCH_FUZZY;COLLECTION_MATCH_FUZZY
2451712398	50c9509d-22c7-4a22-a47d-8c48425ef4a7	https://www.inaturalist.org/observations/35263042	Animalia	Mollusca	Bivalvia	Mytilida	Mytilidae	Limnoperna	Limnoperna fortunei		SPECIES	Limnoperna fortunei (Dunker, 1857)	Limnoperna fortunei		AR		Santa Fe	PRESENT		28eb1a3f-1c15-4a95-931a-4af90ecb574d	-32.718778	-60.726111							2019-10-29T12:14:00	29	10	2019	5855350	5855350	HUMAN_OBSERVATION	iNaturalist	Observations	35263042		Diego Alfonso Rosa	2019-11-04T11:33:10	CC_BY_NC_4_0	Diego Alfonso Rosa	Diego Alfonso Rosa			2020-12-10T18:37:57.203Z		COORDINATE_ROUNDED;GEODETIC_DATUM_ASSUMED_WGS84;INSTITUTION_MATCH_NONE;COLLECTION_MATCH_NONE
2423082442	50c9509d-22c7-4a22-a47d-8c48425ef4a7	https://www.inaturalist.org/observations/32770159	Animalia	Mollusca	Bivalvia	Mytilida	Mytilidae	Limnoperna	Limnoperna fortunei		SPECIES	Limnoperna fortunei (Dunker, 1857)	Limnoperna fortunei		AR		Santa Fe	PRESENT		28eb1a3f-1c15-4a95-931a-4af90ecb574d	-31.662398	-60.757111	4.0						2019-09-14T08:44:00	14	9	2019	5855350	5855350	HUMAN_OBSERVATION	iNaturalist	Observations	32770159		Eduardo Luis Beltrocco	2019-09-15T16:05:35	CC_BY_NC_4_0	Eduardo Luis Beltrocco	Eduardo Luis Beltrocco			2020-12-10T18:24:55.821Z	StillImage	COORDINATE_ROUNDED;GEODETIC_DATUM_ASSUMED_WGS84;INSTITUTION_MATCH_NONE;COLLECTION_MATCH_NONE
2397554166	50c9509d-22c7-4a22-a47d-8c48425ef4a7	https://www.inaturalist.org/observations/31476883	Animalia	Mollusca	Bivalvia	Mytilida	Mytilidae	Limnoperna	Limnoperna fortunei		SPECIES	Limnoperna fortunei (Dunker, 1857)	Limnoperna fortunei		AR		Buenos Aires	PRESENT		28eb1a3f-1c15-4a95-931a-4af90ecb574d	-34.491813	-58.479441	194.0						2014-03-29T00:00:00	29	3	2014	5855350	5855350	HUMAN_OBSERVATION	iNaturalist	Observations	31476883		Nicolas Olejnik	2019-08-26T01:59:48	CC_BY_NC_4_0	Gonzalo Diaz	Gonzalo Diaz			2020-12-10T18:24:56.836Z	StillImage	COORDINATE_ROUNDED;GEODETIC_DATUM_ASSUMED_WGS84;INSTITUTION_MATCH_NONE;COLLECTION_MATCH_NONE
2397552783	50c9509d-22c7-4a22-a47d-8c48425ef4a7	https://www.inaturalist.org/observations/31476881	Animalia	Mollusca	Bivalvia	Mytilida	Mytilidae	Limnoperna	Limnoperna fortunei		SPECIES	Limnoperna fortunei (Dunker, 1857)	Limnoperna fortunei		AR		Buenos Aires	PRESENT		28eb1a3f-1c15-4a95-931a-4af90ecb574d	-34.491813	-58.479441	194.0						2014-03-29T00:00:00	29	3	2014	5855350	5855350	HUMAN_OBSERVATION	iNaturalist	Observations	31476881		Nicolas Olejnik	2019-08-26T01:58:33	CC_BY_NC_4_0	Gonzalo Diaz	Gonzalo Diaz			2020-12-10T18:25:10.242Z	StillImage	COORDINATE_ROUNDED;GEODETIC_DATUM_ASSUMED_WGS84;INSTITUTION_MATCH_NONE;COLLECTION_MATCH_NONE
2265816510	50c9509d-22c7-4a22-a47d-8c48425ef4a7	https://www.inaturalist.org/observations/26562392	Animalia	Mollusca	Bivalvia	Mytilida	Mytilidae	Limnoperna	Limnoperna fortunei		SPECIES	Limnoperna fortunei (Dunker, 1857)	Limnoperna fortunei		AR		Ciudad de Buenos Aires	PRESENT		28eb1a3f-1c15-4a95-931a-4af90ecb574d	-34.606867	-58.345748	28.0						2019-06-03T00:00:00	3	6	2019	5855350	5855350	HUMAN_OBSERVATION	iNaturalist	Observations	26562392		Lorena Zapata	2019-06-07T18:07:25	CC_BY_NC_4_0	Lorena Zapata	Lorena Zapata			2020-12-10T18:37:51.897Z	StillImage	COORDINATE_ROUNDED;GEODETIC_DATUM_ASSUMED_WGS84;INSTITUTION_MATCH_NONE;COLLECTION_MATCH_NONE
2251913465	50c9509d-22c7-4a22-a47d-8c48425ef4a7	https://www.inaturalist.org/observations/25850086	Animalia	Mollusca	Bivalvia	Mytilida	Mytilidae	Limnoperna	Limnoperna fortunei		SPECIES	Limnoperna fortunei (Dunker, 1857)	Limnoperna fortunei		AR		Buenos Aires	PRESENT		28eb1a3f-1c15-4a95-931a-4af90ecb574d	-34.491124	-58.480121	179.0						2014-03-29T00:00:00	29	3	2014	5855350	5855350	HUMAN_OBSERVATION	iNaturalist	Observations	25850086		Nicolas Olejnik	2019-05-28T15:16:52	CC_BY_NC_4_0	Juan José Bonanno	Juan José Bonanno			2020-12-10T18:38:34.107Z	StillImage	COORDINATE_ROUNDED;GEODETIC_DATUM_ASSUMED_WGS84;INSTITUTION_MATCH_NONE;COLLECTION_MATCH_NONE
2251832081	50c9509d-22c7-4a22-a47d-8c48425ef4a7	https://www.inaturalist.org/observations/22364099	Animalia	Mollusca	Bivalvia	Mytilida	Mytilidae	Limnoperna	Limnoperna fortunei		SPECIES	Limnoperna fortunei (Dunker, 1857)	Limnoperna fortunei		UY		Colonia	PRESENT		28eb1a3f-1c15-4a95-931a-4af90ecb574d	-34.441185	-57.871407							2019-04-07T12:38:20	7	4	2019	5855350	5855350	HUMAN_OBSERVATION	iNaturalist	Observations	22364099		Nicolas Olejnik	2019-05-26T18:40:34	CC_BY_NC_4_0	Pablo Bombín	Pablo Bombín			2020-12-10T18:37:57.104Z	StillImage	COORDINATE_ROUNDED;GEODETIC_DATUM_ASSUMED_WGS84;INSTITUTION_MATCH_NONE;COLLECTION_MATCH_NONE
2251209240	040c5662-da76-4782-a48e-cdea1892d14c	http://bins.boldsystems.org/index.php/Public_RecordView?processid=OZIMP087-16	Animalia	Mollusca	Bivalvia	Mytilida	Mytilidae	Limnoperna	Limnoperna fortunei		UNRANKED	BOLD:AAJ2118	BOLD:AAJ2118		JP	Gunma, Lake Oshio-ko		PRESENT		b3bf3a83-1f68-4541-a03f-330d30d567f5	36.39	139.06							2006-03-02T00:00:00	2	3	2006	10020535	5855350	MATERIAL_SAMPLE			WAM70639		Seema Fotedar		CC_BY_4_0	Barcode of Life Datasystems	Taeko Kimura			2020-11-26T19:17:32.658Z		GEODETIC_DATUM_ASSUMED_WGS84
2251209199	040c5662-da76-4782-a48e-cdea1892d14c	http://bins.boldsystems.org/index.php/Public_RecordView?processid=OZIMP022-15	Animalia	Mollusca	Bivalvia	Mytilida	Mytilidae	Limnoperna	Limnoperna fortunei		UNRANKED	BOLD:AAJ2118	BOLD:AAJ2118		JP	Gunma, Lake Oshio-ko		PRESENT		b3bf3a83-1f68-4541-a03f-330d30d567f5	36.39	139.06							2006-03-02T00:00:00	2	3	2006	10020535	5855350	MATERIAL_SAMPLE					Seema Fotedar		CC_BY_4_0	Barcode of Life Datasystems	Taeko Kimura			2020-11-26T19:18:19.219Z		GEODETIC_DATUM_ASSUMED_WGS84
2242788860	50c9509d-22c7-4a22-a47d-8c48425ef4a7	https://www.inaturalist.org/observations/24064518	Animalia	Mollusca	Bivalvia	Mytilida	Mytilidae	Limnoperna	Limnoperna fortunei		SPECIES	Limnoperna fortunei (Dunker, 1857)	Limnoperna fortunei		AR		Buenos Aires	PRESENT		28eb1a3f-1c15-4a95-931a-4af90ecb574d	-34.780413	-58.015485	66.0						2019-04-29T16:24:58	29	4	2019	5855350	5855350	HUMAN_OBSERVATION	iNaturalist	Observations	24064518		Diego Gutierrez Gregoric	2019-04-29T23:36:21	CC_BY_NC_4_0	Diego Gutierrez Gregoric	Diego Gutierrez Gregoric			2020-12-10T18:24:32.207Z	StillImage	COORDINATE_ROUNDED;GEODETIC_DATUM_ASSUMED_WGS84;INSTITUTION_MATCH_NONE;COLLECTION_MATCH_NONE
2238786766	50c9509d-22c7-4a22-a47d-8c48425ef4a7	https://www.inaturalist.org/observations/22041109	Animalia	Mollusca	Bivalvia	Mytilida	Mytilidae	Limnoperna	Limnoperna fortunei		SPECIES	Limnoperna fortunei (Dunker, 1857)	Limnoperna fortunei		AR		Ciudad de Buenos Aires	PRESENT		28eb1a3f-1c15-4a95-931a-4af90ecb574d	-34.596207	-58.354545	21.0						2019-04-01T00:00:00	1	4	2019	5855350	5855350	HUMAN_OBSERVATION	iNaturalist	Observations	22041109		Nicolas Olejnik	2019-04-28T21:08:15	CC_BY_NC_4_0	Lorena Zapata	Lorena Zapata			2020-12-10T18:39:49.703Z	StillImage	COORDINATE_ROUNDED;GEODETIC_DATUM_ASSUMED_WGS84;INSTITUTION_MATCH_NONE;COLLECTION_MATCH_NONE
1830847770	810e15d2-f762-11e1-a439-00145eb45e9a	c0650748-f89f-11e6-a589-70e2840fc270	Animalia	Mollusca	Bivalvia	Mytilida	Mytilidae	Limnoperna	Limnoperna fortunei		SPECIES	Limnoperna fortunei (Dunker, 1857)	Limnoperna fortunei	(Dunker)	JP	Toyooka	Aichi	PRESENT		4fd82480-ea1c-11da-8db4-b8a03c50a862	34.98012	137.61124							2009-10-31T00:00:00	31	10	2009	5855350	5855350	PRESERVED_SPECIMEN	TMNH	MO	016036				CC_BY_4_0					2020-11-26T20:54:35.618Z		GEODETIC_DATUM_ASSUMED_WGS84;INSTITUTION_MATCH_FUZZY;INSTITUTION_COLLECTION_MISMATCH
1830847750	810e15d2-f762-11e1-a439-00145eb45e9a	c0646cf2-f89f-11e6-b48b-70e2840fc270	Animalia	Mollusca	Bivalvia	Mytilida	Mytilidae	Limnoperna	Limnoperna fortunei		SPECIES	Limnoperna fortunei (Dunker, 1857)	Limnoperna fortunei	(Dunker)	JP	Kakidaira	Aichi	PRESENT		4fd82480-ea1c-11da-8db4-b8a03c50a862	34.89622	137.50366							2007-07-28T00:00:00	28	7	2007	5855350	5855350	PRESERVED_SPECIMEN	TMNH	MO	016032				CC_BY_4_0					2020-11-26T20:54:35.618Z		GEODETIC_DATUM_ASSUMED_WGS84;INSTITUTION_MATCH_FUZZY;INSTITUTION_COLLECTION_MISMATCH
1830847130	810e15d2-f762-11e1-a439-00145eb45e9a	c062462a-f89f-11e6-bf12-70e2840fc270	Animalia	Mollusca	Bivalvia	Mytilida	Mytilidae	Limnoperna	Limnoperna fortunei		SPECIES	Limnoperna fortunei (Dunker, 1857)	Limnoperna fortunei	(Dunker)	JP	Kamitsukabashi	Aichi	PRESENT		4fd82480-ea1c-11da-8db4-b8a03c50a862	34.91688	137.01163							2009-04-29T00:00:00	29	4	2009	5855350	5855350	PRESERVED_SPECIMEN	TMNH	MO	016018				CC_BY_4_0					2020-11-26T20:54:35.620Z		GEODETIC_DATUM_ASSUMED_WGS84;INSTITUTION_MATCH_FUZZY;INSTITUTION_COLLECTION_MISMATCH
1830847123	810e15d2-f762-11e1-a439-00145eb45e9a	c064df66-f89f-11e6-be29-70e2840fc270	Animalia	Mollusca	Bivalvia	Mytilida	Mytilidae	Limnoperna	Limnoperna fortunei		SPECIES	Limnoperna fortunei (Dunker, 1857)	Limnoperna fortunei	(Dunker)	JP	Toyooka	Aichi	PRESENT		4fd82480-ea1c-11da-8db4-b8a03c50a862	34.98012	137.61124							2009-10-31T00:00:00	31	10	2009	5855350	5855350	PRESERVED_SPECIMEN	TMNH	MO	016035				CC_BY_4_0					2020-11-26T20:54:35.619Z		GEODETIC_DATUM_ASSUMED_WGS84;INSTITUTION_MATCH_FUZZY;INSTITUTION_COLLECTION_MISMATCH
1830576321	e9ef15ac-1078-44c1-bc86-f1ecc4115a68	882f23e2-f8b6-11e6-8d8f-70e2840fc270	Animalia	Mollusca	Bivalvia	Mytilida	Mytilidae	Limnoperna	Limnoperna fortunei		SPECIES	Limnoperna fortunei (Dunker, 1857)	Limnoperna fortunei (DUNKER,1857)	ISHIDA, Miki	JP	Oroshimo-cho, Lake Biwa	Shiga	PRESENT		4fd82480-ea1c-11da-8db4-b8a03c50a862	35.06312	135.94574							1999-06-25T00:00:00	25	6	1999	5855350	5855350	PRESERVED_SPECIMEN	WMNH	MO-Ikebe	3776-1				CC_BY_NC_4_0					2020-11-26T20:34:01.799Z		GEODETIC_DATUM_ASSUMED_WGS84;COLLECTION_MATCH_NONE;INSTITUTION_MATCH_FUZZY
1830576312	e9ef15ac-1078-44c1-bc86-f1ecc4115a68	882f4ed0-f8b6-11e6-8141-70e2840fc270	Animalia	Mollusca	Bivalvia	Mytilida	Mytilidae	Limnoperna	Limnoperna fortunei		SPECIES	Limnoperna fortunei (Dunker, 1857)	Limnoperna fortunei (DUNKER,1857)	MASUDA, Osamu	JP	Lake Biwa	Shiga	PRESENT		4fd82480-ea1c-11da-8db4-b8a03c50a862	35.116803	135.941222							1992-10-27T00:00:00	27	10	1992	5855350	5855350	PRESERVED_SPECIMEN	WMNH	MO-Ikebe	3776-2				CC_BY_NC_4_0					2020-11-26T20:34:01.799Z		GEODETIC_DATUM_ASSUMED_WGS84;COLLECTION_MATCH_NONE;INSTITUTION_MATCH_FUZZY
1829669179	95f883c4-f762-11e1-a439-00145eb45e9a	32951dd0-f1a2-11e6-bb08-70e2840fc270	Animalia	Mollusca	Bivalvia	Mytilida	Mytilidae	Limnoperna	Limnoperna fortunei		SPECIES	Limnoperna fortunei (Dunker, 1857)	Limnopema fortunei Dunker	Dunker	JP	The left shore of Yahagi Riv., Fusocho	Aichi	PRESENT		4fd82480-ea1c-11da-8db4-b8a03c50a862	35.120833	137.191111							2008-01-01T00:00:00	1	1	2008	5855350	5855350	PRESERVED_SPECIMEN	GMNHJ	mollusca	IM0001761				CC_BY_4_0					2020-11-26T21:34:17.197Z		GEODETIC_DATUM_ASSUMED_WGS84;TAXON_MATCH_FUZZY;INSTITUTION_MATCH_FUZZY;INSTITUTION_COLLECTION_MISMATCH
1829668759	95f883c4-f762-11e1-a439-00145eb45e9a	324c4268-f1a2-11e6-bd02-70e2840fc270	Animalia	Mollusca	Bivalvia	Mytilida	Mytilidae	Limnoperna	Limnoperna fortunei		SPECIES	Limnoperna fortunei (Dunker, 1857)	Limnopema fortunei Dunker	Dunker	JP	Kurokawa-Fureai Park, Kurokawa	Gunma	PRESENT		4fd82480-ea1c-11da-8db4-b8a03c50a862	36.263333	138.863611			180.0	0.0			2010-09-07T00:00:00	7	9	2010	5855350	5855350	PRESERVED_SPECIMEN	GMNHJ	mollusca	IM0000872				CC_BY_4_0					2020-11-26T21:34:17.390Z		GEODETIC_DATUM_ASSUMED_WGS84;TAXON_MATCH_FUZZY;INSTITUTION_MATCH_FUZZY;INSTITUTION_COLLECTION_MISMATCH
1829668693	95f883c4-f762-11e1-a439-00145eb45e9a	324a2028-f1a2-11e6-83f7-70e2840fc270	Animalia	Mollusca	Bivalvia	Mytilida	Mytilidae	Limnoperna	Limnoperna fortunei		SPECIES	Limnoperna fortunei (Dunker, 1857)	Limnopema fortunei Dunker	Dunker	JP	Kurokawa-Fureai Park, Kurokawa	Gunma	PRESENT		4fd82480-ea1c-11da-8db4-b8a03c50a862	36.263611	138.863889			180.0	0.0			2010-07-20T00:00:00	20	7	2010	5855350	5855350	PRESERVED_SPECIMEN	GMNHJ	mollusca	IM0000856				CC_BY_4_0					2020-11-26T21:34:17.387Z		GEODETIC_DATUM_ASSUMED_WGS84;TAXON_MATCH_FUZZY;INSTITUTION_MATCH_FUZZY;INSTITUTION_COLLECTION_MISMATCH
1829668674	95f883c4-f762-11e1-a439-00145eb45e9a	324ae4b8-f1a2-11e6-a506-70e2840fc270	Animalia	Mollusca	Bivalvia	Mytilida	Mytilidae	Limnoperna	Limnoperna fortunei		SPECIES	Limnoperna fortunei (Dunker, 1857)	Limnopema fortunei Dunker	Dunker	JP	Kurokawa	Gunma	PRESENT		4fd82480-ea1c-11da-8db4-b8a03c50a862	36.267222	138.867222			220.0	0.0			2010-07-22T00:00:00	22	7	2010	5855350	5855350	PRESERVED_SPECIMEN	GMNHJ	mollusca	IM0000862				CC_BY_4_0					2020-11-26T21:34:17.387Z		GEODETIC_DATUM_ASSUMED_WGS84;TAXON_MATCH_FUZZY;INSTITUTION_MATCH_FUZZY;INSTITUTION_COLLECTION_MISMATCH
1829668654	95f883c4-f762-11e1-a439-00145eb45e9a	324c6c52-f1a2-11e6-971a-70e2840fc270	Animalia	Mollusca	Bivalvia	Mytilida	Mytilidae	Limnoperna	Limnoperna fortunei		SPECIES	Limnoperna fortunei (Dunker, 1857)	Limnopema fortunei Dunker	Dunker	JP	Kurokawa-Fureai Park, Kurokawa	Gunma	PRESENT		4fd82480-ea1c-11da-8db4-b8a03c50a862	36.263611	138.863889			180.0	0.0			2010-09-21T00:00:00	21	9	2010	5855350	5855350	PRESERVED_SPECIMEN	GMNHJ	mollusca	IM0000873				CC_BY_4_0					2020-11-26T21:34:17.390Z		GEODETIC_DATUM_ASSUMED_WGS84;TAXON_MATCH_FUZZY;INSTITUTION_MATCH_FUZZY;INSTITUTION_COLLECTION_MISMATCH
1829668651	95f883c4-f762-11e1-a439-00145eb45e9a	324abb64-f1a2-11e6-9101-70e2840fc270	Animalia	Mollusca	Bivalvia	Mytilida	Mytilidae	Limnoperna	Limnoperna fortunei		SPECIES	Limnoperna fortunei (Dunker, 1857)	Limnopema fortunei Dunker	Dunker	JP	Kurokawa-Fureai Park, Kurokawa	Gunma	PRESENT		4fd82480-ea1c-11da-8db4-b8a03c50a862	36.263333	138.863611			180.0	0.0			2010-07-21T00:00:00	21	7	2010	5855350	5855350	PRESERVED_SPECIMEN	GMNHJ	mollusca	IM0000861				CC_BY_4_0					2020-11-26T21:34:17.387Z		GEODETIC_DATUM_ASSUMED_WGS84;TAXON_MATCH_FUZZY;INSTITUTION_MATCH_FUZZY;INSTITUTION_COLLECTION_MISMATCH
1500061229	93efdc85-10ca-448c-a3e3-01bce24479c9	urn:catalog:fcnym.unlp.edu.ar:zoo-inv-ma:7184	Animalia	Mollusca	Bivalvia	Mytilida	Mytilidae	Limnoperna	Limnoperna fortunei		SPECIES	Limnoperna fortunei (Dunker, 1857)	Limnoperna fortunei (Dunker, 1857)	(Dunker, 1857)	AR	Concepción del Uruguay, Isla Cambacuá, cerca de la desembocadura del Arroyo El Dragón	Entre Ríos	PRESENT		610414e0-8040-11d9-8294-b8a03c50a862	-32.583333	-58.183333	2451.75										5855350	5855350	PRESERVED_SPECIMEN	fcnym.unlp.edu.ar	zoo-inv-ma	7184				CC_BY_4_0		Ituarte, Santiago			2020-11-30T20:24:41.357Z		COORDINATE_ROUNDED;GEODETIC_DATUM_INVALID;GEODETIC_DATUM_ASSUMED_WGS84;COORDINATE_PRECISION_INVALID;INSTITUTION_MATCH_NONE;COLLECTION_MATCH_NONE
1500058962	93efdc85-10ca-448c-a3e3-01bce24479c9	urn:catalog:fcnym.unlp.edu.ar:zoo-inv-ma:5170	Animalia	Mollusca	Bivalvia	Mytilida	Mytilidae	Limnoperna	Limnoperna fortunei		SPECIES	Limnoperna fortunei (Dunker, 1857)	Limnoperna fortunei (Dunker, 1857)	(Dunker, 1857)	AR	Ensenada, Punta Lara	Buenos Aires	PRESENT		610414e0-8040-11d9-8294-b8a03c50a862	-34.813281	-57.9746	2886.44										5855350	5855350	PRESERVED_SPECIMEN	fcnym.unlp.edu.ar	zoo-inv-ma	5170				CC_BY_4_0					2020-11-30T20:24:41.060Z		GEODETIC_DATUM_INVALID;GEODETIC_DATUM_ASSUMED_WGS84;COORDINATE_PRECISION_INVALID;INSTITUTION_MATCH_NONE;COLLECTION_MATCH_NONE
1500055224	93efdc85-10ca-448c-a3e3-01bce24479c9	urn:catalog:fcnym.unlp.edu.ar:zoo-inv-ma:13489	Animalia	Mollusca	Bivalvia	Mytilida	Mytilidae	Limnoperna	Limnoperna fortunei		SPECIES	Limnoperna fortunei (Dunker, 1857)	Limnoperna fortunei (Dunker, 1857)	(Dunker, 1857)	CN	Xizhijiang River		PRESENT		610414e0-8040-11d9-8294-b8a03c50a862	23.030167	114.518528	34.19										5855350	5855350	PRESERVED_SPECIMEN	fcnym.unlp.edu.ar	zoo-inv-ma	13489				CC_BY_4_0					2020-11-30T20:24:40.967Z		COORDINATE_ROUNDED;GEODETIC_DATUM_INVALID;GEODETIC_DATUM_ASSUMED_WGS84;COORDINATE_PRECISION_INVALID;INSTITUTION_MATCH_NONE;COLLECTION_MATCH_NONE
1500055213	93efdc85-10ca-448c-a3e3-01bce24479c9	urn:catalog:fcnym.unlp.edu.ar:zoo-inv-ma:13514	Animalia	Mollusca	Bivalvia	Mytilida	Mytilidae	Limnoperna	Limnoperna fortunei		SPECIES	Limnoperna fortunei (Dunker, 1857)	Limnoperna fortunei (Dunker, 1857)	(Dunker, 1857)	AR	Concordia, Arroyo Ayuí Grande	Entre Ríos	PRESENT		610414e0-8040-11d9-8294-b8a03c50a862	-31.272767	-58.0034	32.44										5855350	5855350	PRESERVED_SPECIMEN	fcnym.unlp.edu.ar	zoo-inv-ma	13514		Damborenea, M. Cristina & Darrigran, Gustavo		CC_BY_4_0		Damborenea, M. Cristina & Darrigran, Gustavo			2020-11-30T20:24:40.966Z		COORDINATE_ROUNDED;GEODETIC_DATUM_INVALID;GEODETIC_DATUM_ASSUMED_WGS84;COORDINATE_PRECISION_INVALID;INSTITUTION_MATCH_NONE;COLLECTION_MATCH_NONE
1438646856	51c49096-dc31-4077-b35c-4510a8ee1ee8	D7513656-9F8B-4CF2-8C7F-5BA37A67E067	Animalia	Mollusca	Bivalvia	Mytilida	Mytilidae	Limnoperna	Limnoperna fortunei		SPECIES	Limnoperna fortunei (Dunker, 1857)			AR	Río de la Plata estuary (coast of), [poiny estimated 18.6 air miles E center] Buenos Aires.	Ciudad Autonoma de Buenos Aires	PRESENT	28	69e7f900-ed5b-11dd-ac7e-b8a03c50a862	-34.606098	-58.3461	20117.0						2001-06-01T00:00:00		6	2001	5855350	5855350	PRESERVED_SPECIMEN	NCSM	NCSM-UNIO	7773		Arthur E Bogan/2001		CC0_1_0	Noth Carolina Museum of Natural Sciences				2020-11-26T18:29:09.515Z		COORDINATE_ROUNDED;OCCURRENCE_STATUS_INFERRED_FROM_INDIVIDUAL_COUNT;INSTITUTION_MATCH_FUZZY;COLLECTION_MATCH_FUZZY
1438645669	51c49096-dc31-4077-b35c-4510a8ee1ee8	5C6F7C5A-87A5-41B8-80DF-C052FD49D2D6	Animalia	Mollusca	Bivalvia	Mytilida	Mytilidae	Limnoperna	Limnoperna fortunei		SPECIES	Limnoperna fortunei (Dunker, 1857)			CN	[Xiushui River] Xie He River at Wu Cheng, [point estimated 1.6 air miles NNE center Zhangshu].	Jiangxi	PRESENT	4	69e7f900-ed5b-11dd-ac7e-b8a03c50a862	28.077801	115.543999	20117.0						2000-02-18T00:00:00	18	2	2000	5855350	5855350	PRESERVED_SPECIMEN	NCSM	NCSM-UNIO	6467		Arthur E Bogan/2000		CC0_1_0	Noth Carolina Museum of Natural Sciences				2020-11-26T18:29:09.804Z		COORDINATE_ROUNDED;OCCURRENCE_STATUS_INFERRED_FROM_INDIVIDUAL_COUNT;INSTITUTION_MATCH_FUZZY;COLLECTION_MATCH_FUZZY
1328193293	f0c3a31b-df3b-4670-ac1d-0c58d13e1420	urn:catalog:CENPAT-CONICET:CNP-MARINEINVER:CNP-MARINEINVER-3036	Animalia	Mollusca	Bivalvia	Mytilida	Mytilidae	Limnoperna	Limnoperna fortunei		SPECIES	Limnoperna fortunei (Dunker, 1857)	Limnoperna fortunei	Dunker, 1857	UY	Costa uruguaya		PRESENT		d6bc1312-f24f-4258-b117-a13243b915ff	-34.349998	-55.939999	235454.0										5855350	5855350	UNKNOWN	CENPAT-CONICET	CNP-MARINEINVER	CNP-MARINEINVER-3036				CC_BY_NC_4_0					2020-11-30T20:29:04.142Z		GEODETIC_DATUM_ASSUMED_WGS84;INSTITUTION_MATCH_NONE;COLLECTION_MATCH_NONE
1291169077	50c9509d-22c7-4a22-a47d-8c48425ef4a7	http://www.inaturalist.org/observations/882721	Animalia	Mollusca	Bivalvia	Mytilida	Mytilidae	Limnoperna	Limnoperna fortunei		SPECIES	Limnoperna fortunei (Dunker, 1857)	Limnoperna fortunei		AR		Buenos Aires	PRESENT		28eb1a3f-1c15-4a95-931a-4af90ecb574d	-33.597534	-59.808551	55.0						2009-02-05T00:00:00	5	2	2009	5855350	5855350	HUMAN_OBSERVATION	iNaturalist	Observations	882721		Nicolas Olejnik	2014-09-18T13:22:37	CC_BY_NC_4_0	Nicolas Olejnik	Nicolas Olejnik			2020-12-10T18:36:41.194Z	StillImage	GEODETIC_DATUM_ASSUMED_WGS84;INSTITUTION_MATCH_NONE;COLLECTION_MATCH_NONE
1291142293	50c9509d-22c7-4a22-a47d-8c48425ef4a7	http://www.inaturalist.org/observations/3732128	Animalia	Mollusca	Bivalvia	Mytilida	Mytilidae	Limnoperna	Limnoperna fortunei		SPECIES	Limnoperna fortunei (Dunker, 1857)	Limnoperna fortunei		AR		Buenos Aires	PRESENT		28eb1a3f-1c15-4a95-931a-4af90ecb574d	-35.392129	-57.149506	441.0						2016-07-19T12:39:00	19	7	2016	5855350	5855350	HUMAN_OBSERVATION	iNaturalist	Observations	3732128		Nicolas Olejnik	2016-07-23T20:35:30	CC_BY_NC_4_0	Nicolas Olejnik	Nicolas Olejnik			2020-12-10T18:36:16.246Z	StillImage	COORDINATE_ROUNDED;GEODETIC_DATUM_ASSUMED_WGS84;INSTITUTION_MATCH_NONE;COLLECTION_MATCH_NONE
1291070086	50c9509d-22c7-4a22-a47d-8c48425ef4a7	http://www.inaturalist.org/observations/2744901	Animalia	Mollusca	Bivalvia	Mytilida	Mytilidae	Limnoperna	Limnoperna fortunei		SPECIES	Limnoperna fortunei (Dunker, 1857)	Limnoperna fortunei		AR		Ciudad de Buenos Aires	PRESENT		28eb1a3f-1c15-4a95-931a-4af90ecb574d	-34.595311	-58.3571	218.0						2016-03-04T00:00:00	4	3	2016	5855350	5855350	HUMAN_OBSERVATION	iNaturalist	Observations	2744901		Nicolas Olejnik	2016-03-04T23:50:36	CC_BY_NC_4_0	Nicolas Olejnik	Nicolas Olejnik			2020-12-10T18:22:55.222Z	StillImage	GEODETIC_DATUM_ASSUMED_WGS84;INSTITUTION_MATCH_NONE;COLLECTION_MATCH_NONE
1144283695	50c9509d-22c7-4a22-a47d-8c48425ef4a7	http://www.inaturalist.org/observations/2103802	Animalia	Mollusca	Bivalvia	Mytilida	Mytilidae	Limnoperna	Limnoperna fortunei		SPECIES	Limnoperna fortunei (Dunker, 1857)	Limnoperna fortunei		AR		Buenos Aires	PRESENT		28eb1a3f-1c15-4a95-931a-4af90ecb574d	-35.270289	-57.228942	395.0						2015-10-10T00:00:00	10	10	2015	5855350	5855350	HUMAN_OBSERVATION	iNaturalist	Observations	2103802		Nicolas Olejnik	2015-10-13T12:43:30	CC_BY_NC_4_0	Nicolas Olejnik	Nicolas Olejnik			2020-12-10T18:36:51.298Z	StillImage	GEODETIC_DATUM_ASSUMED_WGS84;INSTITUTION_MATCH_NONE;COLLECTION_MATCH_NONE
729651956	7201065d-95ac-4706-bb2b-9fd04209fc8d	urn:catalog:OMNH:Mo:31799	Animalia	Mollusca	Bivalvia	Mytilida	Mytilidae	Limnoperna	Limnoperna fortunei		SPECIES	Limnoperna fortunei (Dunker, 1857)	Limnoperna fortunei		JP		Osaka	PRESENT		c3367060-856b-11d9-8486-b8a03c50a862	34.7271	135.552							1997-06-18T00:00:00	18	6	1997	5855350	5855350	PRESERVED_SPECIMEN	OMNH	Mo	31799				CC_BY_NC_4_0		Takeshi WADA			2020-11-26T20:41:23.157Z		GEODETIC_DATUM_ASSUMED_WGS84;COLLECTION_MATCH_NONE;INSTITUTION_MATCH_FUZZY
477194077	4bfac3ea-8763-4f4b-a71a-76a6f5f243d3	MCZ:Mala:280924	Animalia	Mollusca	Bivalvia	Mytilida	Mytilidae	Limnoperna	Limnoperna fortunei		SPECIES	Limnoperna supoti Brandt, 1974	Limnoperna supoti		TH	Pitsan-ulok, aek River at Tung Song Falls		PRESENT	1	b4640710-8e03-11d8-b956-b8a03c50a862	18.472042	100.183465	301.0						1969-01-12T00:00:00	12	1	1969	4593318	5855350	PRESERVED_SPECIMEN	MCZ	Mala	280924		[no agent data]		CC_BY_NC_4_0	President and Fellows of Harvard College	Rolf A. M. Brandt			2020-12-10T23:25:49.494Z		OCCURRENCE_STATUS_INFERRED_FROM_INDIVIDUAL_COUNT;COLLECTION_MATCH_FUZZY;POSSIBLY_ON_LOAN
380228428	81287cb0-f762-11e1-a439-00145eb45e9a	f9126d20-f8ad-11e6-b540-70e2840fc270	Animalia	Mollusca	Bivalvia	Mytilida	Mytilidae	Limnoperna	Limnoperna fortunei		SPECIES	Limnoperna fortunei (Dunker, 1857)	Limnoperna fortunei	(Dunker,1857)	JP	Akanoi Shrine	Shiga	PRESENT		4fd82480-ea1c-11da-8db4-b8a03c50a862	35.07848	135.9613							1994-01-01T00:00:00	1	1	1994	5855350	5855350	PRESERVED_SPECIMEN	NSSM	NSSM	NCB05426				CC_BY_NC_4_0					2020-11-26T20:54:03.139Z		GEODETIC_DATUM_ASSUMED_WGS84;INSTITUTION_MATCH_NONE;COLLECTION_MATCH_NONE
331841902	6197c830-d9c7-11de-b793-b8a03c50a862	MACN:MACN-In:37568	Animalia	Mollusca	Bivalvia	Mytilida	Mytilidae	Limnoperna	Limnoperna fortunei		SPECIES	Limnoperna fortunei (Dunker, 1857)	Limnoperna fortunei (Dunker, 1857)	(Dunker, 1857)	AR	Club Náutico Sudeste	Buenos Aires	PRESENT		2e4af590-37d0-11d9-8439-b8a03c50a862	-34.448611	-58.518333											5855350	5855350	PRESERVED_SPECIMEN	MACN	MACN-In	37568				CC_BY_4_0					2020-12-05T23:19:33.958Z		GEODETIC_DATUM_ASSUMED_WGS84;COLLECTION_MATCH_NONE;INSTITUTION_MATCH_FUZZY
295288014	71d7bac8-f762-11e1-a439-00145eb45e9a	d6705e32-f824-11e6-bc50-70e2840fc270	Animalia	Mollusca	Bivalvia	Mytilida	Mytilidae	Limnoperna	Limnoperna fortunei		SPECIES	Limnoperna fortunei (Dunker, 1857)	Limnoperna fortunei	(Lamarck)	JP		Toyama	PRESENT		4fd82480-ea1c-11da-8db4-b8a03c50a862	36.75279	137.14227							1998-09-30T00:00:00	30	9	1998	5855350	5855350	PRESERVED_SPECIMEN	TOYA	Mo	89397				CC_BY_4_0					2020-11-27T02:36:03.229Z		GEODETIC_DATUM_ASSUMED_WGS84;COLLECTION_MATCH_NONE;INSTITUTION_MATCH_FUZZY
295288013	71d7bac8-f762-11e1-a439-00145eb45e9a	d67037cc-f824-11e6-a883-70e2840fc270	Animalia	Mollusca	Bivalvia	Mytilida	Mytilidae	Limnoperna	Limnoperna fortunei		SPECIES	Limnoperna fortunei (Dunker, 1857)	Limnoperna fortunei	(Lamarck)	JP		Toyama	PRESENT		4fd82480-ea1c-11da-8db4-b8a03c50a862	36.75279	137.14227							1998-09-30T00:00:00	30	9	1998	5855350	5855350	PRESERVED_SPECIMEN	TOYA	Mo	89396				CC_BY_4_0					2020-11-27T02:36:03.088Z		GEODETIC_DATUM_ASSUMED_WGS84;COLLECTION_MATCH_NONE;INSTITUTION_MATCH_FUZZY
295288012	71d7bac8-f762-11e1-a439-00145eb45e9a	d6701242-f824-11e6-9d73-70e2840fc270	Animalia	Mollusca	Bivalvia	Mytilida	Mytilidae	Limnoperna	Limnoperna fortunei		SPECIES	Limnoperna fortunei (Dunker, 1857)	Limnoperna fortunei	(Lamarck)	JP		Toyama	PRESENT		4fd82480-ea1c-11da-8db4-b8a03c50a862	36.75279	137.14227							1998-09-30T00:00:00	30	9	1998	5855350	5855350	PRESERVED_SPECIMEN	TOYA	Mo	89395				CC_BY_4_0					2020-11-27T02:36:03.042Z		GEODETIC_DATUM_ASSUMED_WGS84;COLLECTION_MATCH_NONE;INSTITUTION_MATCH_FUZZY
295287905	71d7bac8-f762-11e1-a439-00145eb45e9a	d1190826-f824-11e6-9d59-70e2840fc270	Animalia	Mollusca	Bivalvia	Mytilida	Mytilidae	Limnoperna	Limnoperna fortunei		SPECIES	Limnoperna fortunei (Dunker, 1857)	Limnoperna fortunei	(Lamarck)	JP		Toyama	PRESENT		4fd82480-ea1c-11da-8db4-b8a03c50a862	36.45	137.11							1995-03-01T00:00:00	1	3	1995	5855350	5855350	PRESERVED_SPECIMEN	TOYA	Mo	76601				CC_BY_4_0					2020-11-27T02:36:03.003Z		GEODETIC_DATUM_ASSUMED_WGS84;COLLECTION_MATCH_NONE;INSTITUTION_MATCH_FUZZY
295287904	71d7bac8-f762-11e1-a439-00145eb45e9a	d112f526-f824-11e6-a953-70e2840fc270	Animalia	Mollusca	Bivalvia	Mytilida	Mytilidae	Limnoperna	Limnoperna fortunei		SPECIES	Limnoperna fortunei (Dunker, 1857)	Limnoperna fortunei	(Lamarck)	JP		Toyama	PRESENT		4fd82480-ea1c-11da-8db4-b8a03c50a862	36.45	137.11							2003-11-21T00:00:00	21	11	2003	5855350	5855350	PRESERVED_SPECIMEN	TOYA	Mo	76547				CC_BY_4_0					2020-11-27T02:36:02.964Z		GEODETIC_DATUM_ASSUMED_WGS84;COLLECTION_MATCH_NONE;INSTITUTION_MATCH_FUZZY
295287903	71d7bac8-f762-11e1-a439-00145eb45e9a	d10e6d6c-f824-11e6-8c27-70e2840fc270	Animalia	Mollusca	Bivalvia	Mytilida	Mytilidae	Limnoperna	Limnoperna fortunei		SPECIES	Limnoperna fortunei (Dunker, 1857)	Limnoperna fortunei	(Lamarck)	JP		Toyama	PRESENT		4fd82480-ea1c-11da-8db4-b8a03c50a862	36.75279	137.14227							1997-04-11T00:00:00	11	4	1997	5855350	5855350	PRESERVED_SPECIMEN	TOYA	Mo	76518				CC_BY_4_0					2020-11-27T02:36:00.201Z		GEODETIC_DATUM_ASSUMED_WGS84;COLLECTION_MATCH_NONE;INSTITUTION_MATCH_FUZZY
295287902	71d7bac8-f762-11e1-a439-00145eb45e9a	d10e48d2-f824-11e6-92e3-70e2840fc270	Animalia	Mollusca	Bivalvia	Mytilida	Mytilidae	Limnoperna	Limnoperna fortunei		SPECIES	Limnoperna fortunei (Dunker, 1857)	Limnoperna fortunei	(Lamarck)	JP		Toyama	PRESENT		4fd82480-ea1c-11da-8db4-b8a03c50a862	36.75279	137.14227							1997-04-11T00:00:00	11	4	1997	5855350	5855350	PRESERVED_SPECIMEN	TOYA	Mo	76517				CC_BY_4_0					2020-11-27T02:36:00.199Z		GEODETIC_DATUM_ASSUMED_WGS84;COLLECTION_MATCH_NONE;INSTITUTION_MATCH_FUZZY
295287901	71d7bac8-f762-11e1-a439-00145eb45e9a	d10e251e-f824-11e6-acfb-70e2840fc270	Animalia	Mollusca	Bivalvia	Mytilida	Mytilidae	Limnoperna	Limnoperna fortunei		SPECIES	Limnoperna fortunei (Dunker, 1857)	Limnoperna fortunei	(Lamarck)	JP		Toyama	PRESENT		4fd82480-ea1c-11da-8db4-b8a03c50a862	36.75279	137.14227							1997-04-11T00:00:00	11	4	1997	5855350	5855350	PRESERVED_SPECIMEN	TOYA	Mo	76516				CC_BY_4_0					2020-11-27T02:36:00.265Z		GEODETIC_DATUM_ASSUMED_WGS84;COLLECTION_MATCH_NONE;INSTITUTION_MATCH_FUZZY
295287900	71d7bac8-f762-11e1-a439-00145eb45e9a	d10df990-f824-11e6-8d3b-70e2840fc270	Animalia	Mollusca	Bivalvia	Mytilida	Mytilidae	Limnoperna	Limnoperna fortunei		SPECIES	Limnoperna fortunei (Dunker, 1857)	Limnoperna fortunei	(Lamarck)	JP		Toyama	PRESENT		4fd82480-ea1c-11da-8db4-b8a03c50a862	36.75279	137.14227							1997-04-11T00:00:00	11	4	1997	5855350	5855350	PRESERVED_SPECIMEN	TOYA	Mo	76515				CC_BY_4_0					2020-11-27T02:36:00.192Z		GEODETIC_DATUM_ASSUMED_WGS84;COLLECTION_MATCH_NONE;INSTITUTION_MATCH_FUZZY
295287899	71d7bac8-f762-11e1-a439-00145eb45e9a	d10dcf92-f824-11e6-b7bd-70e2840fc270	Animalia	Mollusca	Bivalvia	Mytilida	Mytilidae	Limnoperna	Limnoperna fortunei		SPECIES	Limnoperna fortunei (Dunker, 1857)	Limnoperna fortunei	(Lamarck)	JP		Toyama	PRESENT		4fd82480-ea1c-11da-8db4-b8a03c50a862	36.75279	137.14227							1997-04-11T00:00:00	11	4	1997	5855350	5855350	PRESERVED_SPECIMEN	TOYA	Mo	76514				CC_BY_4_0					2020-11-27T02:36:00.251Z		GEODETIC_DATUM_ASSUMED_WGS84;COLLECTION_MATCH_NONE;INSTITUTION_MATCH_FUZZY
295287851	71d7bac8-f762-11e1-a439-00145eb45e9a	ce970ca6-f824-11e6-be0b-70e2840fc270	Animalia	Mollusca	Bivalvia	Mytilida	Mytilidae	Limnoperna	Limnoperna fortunei		SPECIES	Limnoperna fortunei (Dunker, 1857)	Limnoperna fortunei	(Lamarck)	JP		Aichi	PRESENT		4fd82480-ea1c-11da-8db4-b8a03c50a862	34.6509	137.20676							1995-10-18T00:00:00	18	10	1995	5855350	5855350	PRESERVED_SPECIMEN	TOYA	Mo	68129				CC_BY_4_0					2020-11-27T02:36:02.632Z		GEODETIC_DATUM_ASSUMED_WGS84;COLLECTION_MATCH_NONE;INSTITUTION_MATCH_FUZZY
215805594	86b50d88-f762-11e1-a439-00145eb45e9a		Animalia	Mollusca	Bivalvia	Mytilida	Mytilidae	Limnoperna	Limnoperna fortunei		SPECIES	Modiola lacustris Martens, 1875	Modiola lacustris Martens		CN	Yi-hing, Kiangsu Near Tai-hu		PRESENT		f9b67ad0-9c9b-11d9-b9db-b8a03c50a862	27.133333	115.0											6531538	5855350	PRESERVED_SPECIMEN	ANSP	Malacology	176868				CC_BY_4_0					2020-11-27T03:57:33.709Z		COORDINATE_ROUNDED;GEODETIC_DATUM_ASSUMED_WGS84;INSTITUTION_MATCH_FUZZY;COLLECTION_MATCH_FUZZY
215791044	86b50d88-f762-11e1-a439-00145eb45e9a		Animalia	Mollusca	Bivalvia	Mytilida	Mytilidae	Limnoperna	Limnoperna fortunei		SPECIES	Limnoperna depressa Brandt & Temcharoen, 1971	Lymnoperna depressa		LA	Ban Na Village, Khong Island, rocks and shallows of island across from BAn Na - Khong Province		PRESENT		f9b67ad0-9c9b-11d9-b9db-b8a03c50a862	14.1	105.85											6531540	5855350	PRESERVED_SPECIMEN	ANSP	Malacology	335956				CC_BY_4_0					2020-11-27T03:57:24.521Z		GEODETIC_DATUM_ASSUMED_WGS84;TAXON_MATCH_FUZZY;INSTITUTION_MATCH_FUZZY;COLLECTION_MATCH_FUZZY
215791040	86b50d88-f762-11e1-a439-00145eb45e9a		Animalia	Mollusca	Bivalvia	Mytilida	Mytilidae	Limnoperna	Limnoperna fortunei		SPECIES	Limnoperna depressa Brandt & Temcharoen, 1971	Lymnoperna depressa		TH	Khemmarat Amphoe, Mekong River, Ban Khee Lek; from rocks and sticks on rt. Bank (facing downstream)	Ubon	PRESENT		f9b67ad0-9c9b-11d9-b9db-b8a03c50a862	16.0	105.183333											6531540	5855350	PRESERVED_SPECIMEN	ANSP	Malacology	335202				CC_BY_4_0					2020-11-27T03:57:36.064Z		GEODETIC_DATUM_ASSUMED_WGS84;TAXON_MATCH_FUZZY;INSTITUTION_MATCH_FUZZY;COLLECTION_MATCH_FUZZY
215781578	86b50d88-f762-11e1-a439-00145eb45e9a		Animalia	Mollusca	Bivalvia	Mytilida	Mytilidae	Limnoperna	Limnoperna fortunei		SPECIES	Limnoperna depressa Brandt & Temcharoen, 1971	Limnoperna depressa		TH	Collected from rocks and sticks on right bank (facing downstream) Ban Khe Lek, Khemmorat Amphoe, Mekong River, Ubon Province		PRESENT		f9b67ad0-9c9b-11d9-b9db-b8a03c50a862	14.887222	105.0575											6531540	5855350	PRESERVED_SPECIMEN	ANSP	Malacology	339293 (A5883b)				CC_BY_4_0					2020-11-27T03:57:24.448Z		COORDINATE_ROUNDED;GEODETIC_DATUM_ASSUMED_WGS84;INSTITUTION_MATCH_FUZZY;COLLECTION_MATCH_FUZZY
215781577	86b50d88-f762-11e1-a439-00145eb45e9a		Animalia	Mollusca	Bivalvia	Mytilida	Mytilidae	Limnoperna	Limnoperna fortunei		SPECIES	Limnoperna depressa Brandt & Temcharoen, 1971	Limnoperna depressa		TH	pond in center of island, Ban Dan, Mekong River, Ubon Province		PRESENT		f9b67ad0-9c9b-11d9-b9db-b8a03c50a862	14.533333	103.783333											6531540	5855350	PRESERVED_SPECIMEN	ANSP	Malacology	339259 (A5896)				CC_BY_4_0					2020-11-27T03:57:24.416Z		COORDINATE_ROUNDED;GEODETIC_DATUM_ASSUMED_WGS84;INSTITUTION_MATCH_FUZZY;COLLECTION_MATCH_FUZZY
215781576	86b50d88-f762-11e1-a439-00145eb45e9a		Animalia	Mollusca	Bivalvia	Mytilida	Mytilidae	Limnoperna	Limnoperna fortunei		SPECIES	Limnoperna depressa Brandt & Temcharoen, 1971	Limnoperna depressa		TH	collected from rocks and sticks on right bank, facing downstream Ban Khe Lek, Mekong River, Khemmarat Amphoe, Ubon Province		PRESENT		f9b67ad0-9c9b-11d9-b9db-b8a03c50a862	14.887222	105.0575											6531540	5855350	PRESERVED_SPECIMEN	ANSP	Malacology	339102 (A5869)				CC_BY_4_0					2020-11-27T03:57:24.399Z		COORDINATE_ROUNDED;GEODETIC_DATUM_ASSUMED_WGS84;INSTITUTION_MATCH_FUZZY;COLLECTION_MATCH_FUZZY
215781575	86b50d88-f762-11e1-a439-00145eb45e9a		Animalia	Mollusca	Bivalvia	Mytilida	Mytilidae	Limnoperna	Limnoperna fortunei		SPECIES	Limnoperna depressa Brandt & Temcharoen, 1971	Limnoperna depressa Brandt		LA	Rocks and small Islands in Mekong Riverm facing Muang Khong, Khong Island, Sithadone Prov.		PRESENT		f9b67ad0-9c9b-11d9-b9db-b8a03c50a862	14.125	105.866667											6531540	5855350	PRESERVED_SPECIMEN	ANSP	Malacology	333460				CC_BY_4_0					2020-11-27T03:57:24.325Z		COORDINATE_ROUNDED;GEODETIC_DATUM_ASSUMED_WGS84;INSTITUTION_MATCH_FUZZY;COLLECTION_MATCH_FUZZY
215781574	86b50d88-f762-11e1-a439-00145eb45e9a		Animalia	Mollusca	Bivalvia	Mytilida	Mytilidae	Limnoperna	Limnoperna fortunei		SPECIES	Limnoperna depressa Brandt & Temcharoen, 1971	Limnoperna depressa		TH	Mae Nam Mun at Amphoe Phibun Mangsahan, Ubon Ratchatani Prov.		PRESENT		f9b67ad0-9c9b-11d9-b9db-b8a03c50a862	15.183333	105.183333											6531540	5855350	PRESERVED_SPECIMEN	ANSP	Malacology	332872				CC_BY_4_0					2020-11-27T03:57:24.412Z		COORDINATE_ROUNDED;GEODETIC_DATUM_ASSUMED_WGS84;INSTITUTION_MATCH_FUZZY;COLLECTION_MATCH_FUZZY
215781572	86b50d88-f762-11e1-a439-00145eb45e9a		Animalia	Mollusca	Bivalvia	Mytilida	Mytilidae	Limnoperna	Limnoperna fortunei		SPECIES	Limnoperna depressa Brandt & Temcharoen, 1971	Limnoperna depressa Brandt		LA	Khong Island, Khong Town - rapids and bank of island		PRESENT		f9b67ad0-9c9b-11d9-b9db-b8a03c50a862	14.15	105.816667											6531540	5855350	PRESERVED_SPECIMEN	ANSP	Malacology	331812 (A3862)				CC_BY_4_0					2020-11-27T03:57:35.918Z		GEODETIC_DATUM_ASSUMED_WGS84;INSTITUTION_MATCH_FUZZY;COLLECTION_MATCH_FUZZY
215781559	86b50d88-f762-11e1-a439-00145eb45e9a		Animalia	Mollusca	Bivalvia	Mytilida	Mytilidae	Limnoperna	Limnoperna fortunei		SPECIES	Limnoperna depressa Brandt & Temcharoen, 1971	Limnoperna depressa		LA	Mekong River, Khong Island, off shore from rocky areas, Khong Province		PRESENT		f9b67ad0-9c9b-11d9-b9db-b8a03c50a862	14.15	105.816667											6531540	5855350	PRESERVED_SPECIMEN	ANSP	Malacology	336800				CC_BY_4_0					2020-11-27T03:57:24.416Z		GEODETIC_DATUM_ASSUMED_WGS84;INSTITUTION_MATCH_FUZZY;COLLECTION_MATCH_FUZZY
215781558	86b50d88-f762-11e1-a439-00145eb45e9a		Animalia	Mollusca	Bivalvia	Mytilida	Mytilidae	Limnoperna	Limnoperna fortunei		SPECIES	Limnoperna depressa Brandt & Temcharoen, 1971	Limnoperna depressa		LA	Mekong River, Ban Na Village, shore of Khong Island and into rapids, Khong Province		PRESENT		f9b67ad0-9c9b-11d9-b9db-b8a03c50a862	16.766667	106.45											6531540	5855350	PRESERVED_SPECIMEN	ANSP	Malacology	336758				CC_BY_4_0					2020-11-27T03:57:24.398Z		COORDINATE_ROUNDED;GEODETIC_DATUM_ASSUMED_WGS84;INSTITUTION_MATCH_FUZZY;COLLECTION_MATCH_FUZZY
215781557	86b50d88-f762-11e1-a439-00145eb45e9a		Animalia	Mollusca	Bivalvia	Mytilida	Mytilidae	Limnoperna	Limnoperna fortunei		SPECIES	Limnoperna depressa Brandt & Temcharoen, 1971	Limnoperna depressa		LA	Opposite Militray Camp (Lao) on shore & into rapids, Khong Island, Khong Province		PRESENT		f9b67ad0-9c9b-11d9-b9db-b8a03c50a862	14.15	105.816667											6531540	5855350	PRESERVED_SPECIMEN	ANSP	Malacology	336563				CC_BY_4_0					2020-11-27T03:57:24.324Z		GEODETIC_DATUM_ASSUMED_WGS84;INSTITUTION_MATCH_FUZZY;COLLECTION_MATCH_FUZZY
215781556	86b50d88-f762-11e1-a439-00145eb45e9a		Animalia	Mollusca	Bivalvia	Mytilida	Mytilidae	Limnoperna	Limnoperna fortunei		SPECIES	Limnoperna depressa Brandt & Temcharoen, 1971	Limnoperna depressa		TH	Mekong River, Khemmarat Amphoe, Ubon Province		PRESENT		f9b67ad0-9c9b-11d9-b9db-b8a03c50a862	14.887222	105.0575											6531540	5855350	PRESERVED_SPECIMEN	ANSP	Malacology	336523				CC_BY_4_0					2020-11-27T03:57:24.411Z		COORDINATE_ROUNDED;GEODETIC_DATUM_ASSUMED_WGS84;INSTITUTION_MATCH_FUZZY;COLLECTION_MATCH_FUZZY
215781555	86b50d88-f762-11e1-a439-00145eb45e9a		Animalia	Mollusca	Bivalvia	Mytilida	Mytilidae	Limnoperna	Limnoperna fortunei		SPECIES	Limnoperna depressa Brandt & Temcharoen, 1971	Limnoperna depressa		TH	Khemmarat Amphoe; group of islands some 3 miles (10-11 river markers) upstream from Khemmarat Town, Ubon Province		PRESENT		f9b67ad0-9c9b-11d9-b9db-b8a03c50a862	16.05	105.216667											6531540	5855350	PRESERVED_SPECIMEN	ANSP	Malacology	335911				CC_BY_4_0					2020-11-27T03:57:35.992Z		GEODETIC_DATUM_ASSUMED_WGS84;INSTITUTION_MATCH_FUZZY;COLLECTION_MATCH_FUZZY
215781554	86b50d88-f762-11e1-a439-00145eb45e9a		Animalia	Mollusca	Bivalvia	Mytilida	Mytilidae	Limnoperna	Limnoperna fortunei		SPECIES	Limnoperna depressa Brandt & Temcharoen, 1971	Limnoperna depressa		TH	Mekong River, Ban Dan Islands just below center of town of Ban Dan, Ubon Province		PRESENT		f9b67ad0-9c9b-11d9-b9db-b8a03c50a862	14.533333	103.783333											6531540	5855350	PRESERVED_SPECIMEN	ANSP	Malacology	335904				CC_BY_4_0					2020-11-27T03:57:35.918Z		COORDINATE_ROUNDED;GEODETIC_DATUM_ASSUMED_WGS84;INSTITUTION_MATCH_FUZZY;COLLECTION_MATCH_FUZZY
215781553	86b50d88-f762-11e1-a439-00145eb45e9a		Animalia	Mollusca	Bivalvia	Mytilida	Mytilidae	Limnoperna	Limnoperna fortunei		SPECIES	Limnoperna depressa Brandt & Temcharoen, 1971	Limnoperma depressa		TH	Khemmarat Amphoe, Mekong River, Ubon Provinbe		PRESENT		f9b67ad0-9c9b-11d9-b9db-b8a03c50a862	16.05	105.216667											6531540	5855350	PRESERVED_SPECIMEN	ANSP	Malacology	335177				CC_BY_4_0					2020-11-27T03:57:35.902Z		GEODETIC_DATUM_ASSUMED_WGS84;TAXON_MATCH_FUZZY;INSTITUTION_MATCH_FUZZY;COLLECTION_MATCH_FUZZY
215781550	86b50d88-f762-11e1-a439-00145eb45e9a		Animalia	Mollusca	Bivalvia	Mytilida	Mytilidae	Limnoperna	Limnoperna fortunei		SPECIES	Limnoperna depressa Brandt & Temcharoen, 1971	Limnoperna depressa Brandt		TH	Mekong River, Khemmarat Amphoe; Ubon Province		PRESENT		f9b67ad0-9c9b-11d9-b9db-b8a03c50a862	16.05	105.216667											6531540	5855350	PRESERVED_SPECIMEN	ANSP	Malacology	335069				CC_BY_4_0					2020-11-27T03:57:31.303Z		GEODETIC_DATUM_ASSUMED_WGS84;INSTITUTION_MATCH_FUZZY;COLLECTION_MATCH_FUZZY
215781538	86b50d88-f762-11e1-a439-00145eb45e9a		Animalia	Mollusca	Bivalvia	Mytilida	Mytilidae	Limnoperna	Limnoperna fortunei		SPECIES	Limnoperna depressa Brandt & Temcharoen, 1971	Limnoperma depressa Brandt		TH	Mekong River, 3 miles south Kemmarat Town, Ubon Province		PRESENT		f9b67ad0-9c9b-11d9-b9db-b8a03c50a862	16.05	105.216667											6531540	5855350	PRESERVED_SPECIMEN	ANSP	Malacology	327505				CC_BY_4_0					2020-11-27T03:57:24.411Z		GEODETIC_DATUM_ASSUMED_WGS84;TAXON_MATCH_FUZZY;INSTITUTION_MATCH_FUZZY;COLLECTION_MATCH_FUZZY
215781537	86b50d88-f762-11e1-a439-00145eb45e9a		Animalia	Mollusca	Bivalvia	Mytilida	Mytilidae	Limnoperna	Limnoperna fortunei		SPECIES	Limnoperna depressa Brandt & Temcharoen, 1971	Limnoperma depressa Brandt		LA	Ban Nuah, Khong Town, Khong Island, Mekong River		PRESENT		f9b67ad0-9c9b-11d9-b9db-b8a03c50a862	14.15	105.816667											6531540	5855350	PRESERVED_SPECIMEN	ANSP	Malacology	327319				CC_BY_4_0					2020-11-27T03:57:35.991Z		GEODETIC_DATUM_ASSUMED_WGS84;TAXON_MATCH_FUZZY;INSTITUTION_MATCH_FUZZY;COLLECTION_MATCH_FUZZY
215781234	86b50d88-f762-11e1-a439-00145eb45e9a		Animalia	Mollusca	Bivalvia	Mytilida	Mytilidae	Limnoperna	Limnoperna fortunei		SPECIES	Limnoperna depressa Brandt & Temcharoen, 1971	Limnoperna depressa		LA	From Rocks Between Dooley Boat Landing and Wat Across River, Khong Island, Mekong River	Sithansone Province	PRESENT		f9b67ad0-9c9b-11d9-b9db-b8a03c50a862	14.108333	105.858333											6531540	5855350	PRESERVED_SPECIMEN	ANSP	Malacology	(A7242H)		DAVIS, G. M.		CC_BY_4_0					2020-11-27T03:57:31.491Z		COORDINATE_ROUNDED;GEODETIC_DATUM_ASSUMED_WGS84;INSTITUTION_MATCH_FUZZY;COLLECTION_MATCH_FUZZY
215781230	86b50d88-f762-11e1-a439-00145eb45e9a		Animalia	Mollusca	Bivalvia	Mytilida	Mytilidae	Limnoperna	Limnoperna fortunei		SPECIES	Limnoperna depressa Brandt & Temcharoen, 1971	Limnoperna depressa		TH	Khematat Mekong River	Ubon Ratchathani Province	PRESENT		f9b67ad0-9c9b-11d9-b9db-b8a03c50a862	16.05	105.216667											6531540	5855350	PRESERVED_SPECIMEN	ANSP	Malacology	(A7230J)		DAVIS, G. M.		CC_BY_4_0					2020-11-27T03:57:33.490Z		COORDINATE_ROUNDED;GEODETIC_DATUM_ASSUMED_WGS84;INSTITUTION_MATCH_FUZZY;COLLECTION_MATCH_FUZZY
215781229	86b50d88-f762-11e1-a439-00145eb45e9a		Animalia	Mollusca	Bivalvia	Mytilida	Mytilidae	Limnoperna	Limnoperna fortunei		SPECIES	Limnoperna depressa Brandt & Temcharoen, 1971	Limnoperna depressa		TH	Ban Kum, Island Group, Mekong River	Ubon Ratchathani Province	PRESENT		f9b67ad0-9c9b-11d9-b9db-b8a03c50a862	15.383333	105.5											6531540	5855350	PRESERVED_SPECIMEN	ANSP	Malacology	(A7236G)		DAVIS, G. M.		CC_BY_4_0					2020-11-27T03:57:33.504Z		COORDINATE_ROUNDED;GEODETIC_DATUM_ASSUMED_WGS84;INSTITUTION_MATCH_FUZZY;COLLECTION_MATCH_FUZZY
215781226	86b50d88-f762-11e1-a439-00145eb45e9a		Animalia	Mollusca	Bivalvia	Mytilida	Mytilidae	Limnoperna	Limnoperna fortunei		SPECIES	Limnoperna depressa Brandt & Temcharoen, 1971	Limnoperna depressa		TH	On Rocksheets 1000 yards above Rapids, Pibun Mangsahan, Mun River	Ubon Ratchathani Province	PRESENT		f9b67ad0-9c9b-11d9-b9db-b8a03c50a862	15.233333	105.25											6531540	5855350	PRESERVED_SPECIMEN	ANSP	Malacology	(A7234E)				CC_BY_4_0					2020-11-27T03:57:24.445Z		COORDINATE_ROUNDED;GEODETIC_DATUM_ASSUMED_WGS84;INSTITUTION_MATCH_FUZZY;COLLECTION_MATCH_FUZZY
215781212	86b50d88-f762-11e1-a439-00145eb45e9a		Animalia	Mollusca	Bivalvia	Mytilida	Mytilidae	Limnoperna	Limnoperna fortunei		SPECIES	Limnoperna depressa Brandt & Temcharoen, 1971	Limnoperna depressa Brandt 1971	Brandt 1971	TH	Mouth of Mun River, Mekong River, Ban Dan Island	Ubon Ratchathani Province	PRESENT		f9b67ad0-9c9b-11d9-b9db-b8a03c50a862	15.316667	105.516667											6531540	5855350	PRESERVED_SPECIMEN	ANSP	Malacology	(A6683C)		DAVIS, G.M.		CC_BY_4_0					2020-11-27T03:57:33.490Z		COORDINATE_ROUNDED;GEODETIC_DATUM_ASSUMED_WGS84;INSTITUTION_MATCH_FUZZY;COLLECTION_MATCH_FUZZY
215781211	86b50d88-f762-11e1-a439-00145eb45e9a		Animalia	Mollusca	Bivalvia	Mytilida	Mytilidae	Limnoperna	Limnoperna fortunei		SPECIES	Limnoperna depressa Brandt & Temcharoen, 1971	Limnoperna depressa Brandt 1971	Brandt 1971	TH	At bottom of River, Mekong River, Khemarat Amphoe	Ubon Ratchathani Province	PRESENT		f9b67ad0-9c9b-11d9-b9db-b8a03c50a862	16.05	105.216667											6531540	5855350	PRESERVED_SPECIMEN	ANSP	Malacology	340438		DAVIS, G.M.		CC_BY_4_0					2020-11-27T03:57:33.488Z		COORDINATE_ROUNDED;GEODETIC_DATUM_ASSUMED_WGS84;INSTITUTION_MATCH_FUZZY;COLLECTION_MATCH_FUZZY
215781210	86b50d88-f762-11e1-a439-00145eb45e9a		Animalia	Mollusca	Bivalvia	Mytilida	Mytilidae	Limnoperna	Limnoperna fortunei		SPECIES	Limnoperna depressa Brandt & Temcharoen, 1971	Limnoperna depressa Brandt 1971	Brandt 1971	TH	Upstream from Khemarat About 2 Mi, 5 River Markers above Town, Mekong River	Ubon Ratchathani Province	PRESENT		f9b67ad0-9c9b-11d9-b9db-b8a03c50a862	16.05	105.216667											6531540	5855350	PRESERVED_SPECIMEN	ANSP	Malacology	340790 (A6606A)		DAVIS, G.M.		CC_BY_4_0					2020-11-27T03:57:33.504Z		COORDINATE_ROUNDED;GEODETIC_DATUM_ASSUMED_WGS84;INSTITUTION_MATCH_FUZZY;COLLECTION_MATCH_FUZZY
215781208	86b50d88-f762-11e1-a439-00145eb45e9a		Animalia	Mollusca	Bivalvia	Mytilida	Mytilidae	Limnoperna	Limnoperna fortunei		SPECIES	Limnoperna depressa Brandt & Temcharoen, 1971	Limnoperna depressa Brandt 1971	Brandt 1971	TH	Bottom River, Mekong River, Khemarat Amphoe	Ubon Ratchathani Province	PRESENT		f9b67ad0-9c9b-11d9-b9db-b8a03c50a862	16.05	105.216667											6531540	5855350	PRESERVED_SPECIMEN	ANSP	Malacology	340813 (A6608B)		DAVIS, G.M.		CC_BY_4_0					2020-11-27T03:57:24.445Z		COORDINATE_ROUNDED;GEODETIC_DATUM_ASSUMED_WGS84;INSTITUTION_MATCH_FUZZY;COLLECTION_MATCH_FUZZY
215781206	86b50d88-f762-11e1-a439-00145eb45e9a		Animalia	Mollusca	Bivalvia	Mytilida	Mytilidae	Limnoperna	Limnoperna fortunei		SPECIES	Limnoperna depressa Brandt & Temcharoen, 1971	Limnoperna depressa Brandt 1971	Brandt 1971	LA	Rocks and Shallows of Island Across from Ban Na, Mekong River, Khong Island, Ban Na Village	Sithandone Province	PRESENT		f9b67ad0-9c9b-11d9-b9db-b8a03c50a862	14.1	105.85											6531540	5855350	PRESERVED_SPECIMEN	ANSP	Malacology	340581 (A6549E)		DAVIS, G.M.		CC_BY_4_0					2020-11-27T03:57:24.395Z		GEODETIC_DATUM_ASSUMED_WGS84;INSTITUTION_MATCH_FUZZY;COLLECTION_MATCH_FUZZY
215781205	86b50d88-f762-11e1-a439-00145eb45e9a		Animalia	Mollusca	Bivalvia	Mytilida	Mytilidae	Limnoperna	Limnoperna fortunei		SPECIES	Limnoperna depressa Brandt & Temcharoen, 1971	Limnoperna depressa Brandt 1971	Brandt 1971	TH	Mekong River, Ban Ke Leck	Ubon Ratchathani Province	PRESENT		f9b67ad0-9c9b-11d9-b9db-b8a03c50a862	16.033333	105.283333					0.61						6531540	5855350	PRESERVED_SPECIMEN	ANSP	Malacology	(A6539E)		DAVIS, G.M.		CC_BY_4_0					2020-11-27T03:57:24.321Z		COORDINATE_ROUNDED;GEODETIC_DATUM_ASSUMED_WGS84;DEPTH_NOT_METRIC;DEPTH_NON_NUMERIC;INSTITUTION_MATCH_FUZZY;COLLECTION_MATCH_FUZZY
215781203	86b50d88-f762-11e1-a439-00145eb45e9a		Animalia	Mollusca	Bivalvia	Mytilida	Mytilidae	Limnoperna	Limnoperna fortunei		SPECIES	Limnoperna depressa Brandt & Temcharoen, 1971	Limnoperna depressa Brandt 1971	Brandt 1971	LA	Shore of Island and Into Rapids, Mekong River, Khong Island, Ban Na Village	Sithandone Province	PRESENT		f9b67ad0-9c9b-11d9-b9db-b8a03c50a862	14.1	105.85											6531540	5855350	PRESERVED_SPECIMEN	ANSP	Malacology	340389 (A6513B)		DAVIS, G.M.		CC_BY_4_0					2020-11-27T03:57:35.989Z		GEODETIC_DATUM_ASSUMED_WGS84;INSTITUTION_MATCH_FUZZY;COLLECTION_MATCH_FUZZY
215781202	86b50d88-f762-11e1-a439-00145eb45e9a		Animalia	Mollusca	Bivalvia	Mytilida	Mytilidae	Limnoperna	Limnoperna fortunei		SPECIES	Limnoperna depressa Brandt & Temcharoen, 1971	Limnoperna depressa Brandt 1971	Brandt 1971	LA	In Rapids, at Center of River, to Shore Of Large Island opposite the Military Camp, Mekong River, Khong Island	Sithandone Province	PRESENT		f9b67ad0-9c9b-11d9-b9db-b8a03c50a862	14.116667	105.866667											6531540	5855350	PRESERVED_SPECIMEN	ANSP	Malacology	340415 (A6523C)		DAVIS, G.M.		CC_BY_4_0					2020-11-27T03:57:35.916Z		COORDINATE_ROUNDED;GEODETIC_DATUM_ASSUMED_WGS84;INSTITUTION_MATCH_FUZZY;COLLECTION_MATCH_FUZZY
215781201	86b50d88-f762-11e1-a439-00145eb45e9a		Animalia	Mollusca	Bivalvia	Mytilida	Mytilidae	Limnoperna	Limnoperna fortunei		SPECIES	Limnoperna depressa Brandt & Temcharoen, 1971	Limnoperna depressa Brandt 1971	Brandt 1971	LA	Papaeng Water Falls	Sithandone Province	PRESENT		f9b67ad0-9c9b-11d9-b9db-b8a03c50a862	13.933333	105.983333											6531540	5855350	PRESERVED_SPECIMEN	ANSP	Malacology	339995 (A6207)		DAVIS, G.M.		CC_BY_4_0					2020-11-27T03:57:35.895Z		COORDINATE_ROUNDED;GEODETIC_DATUM_ASSUMED_WGS84;INSTITUTION_MATCH_FUZZY;COLLECTION_MATCH_FUZZY
215781200	86b50d88-f762-11e1-a439-00145eb45e9a		Animalia	Mollusca	Bivalvia	Mytilida	Mytilidae	Limnoperna	Limnoperna fortunei		SPECIES	Limnoperna depressa Brandt & Temcharoen, 1971	Limnoperna depressa Brandt 1971	Brandt 1971	LA	Islands and Rapids Just at Ban Na, Mekong River, Khong Island, Ban Na Village	Sithandone Province	PRESENT		f9b67ad0-9c9b-11d9-b9db-b8a03c50a862	14.1	105.85											6531540	5855350	PRESERVED_SPECIMEN	ANSP	Malacology	340024 (A6215)		DAVIS, G.M.		CC_BY_4_0					2020-11-27T03:57:35.877Z		GEODETIC_DATUM_ASSUMED_WGS84;INSTITUTION_MATCH_FUZZY;COLLECTION_MATCH_FUZZY
